source_id,n_sectors,period,depth,verdict,flat_bottom,asymmetry,secondary_depth,odd_even,depth_cv,sin_r2,sec_detected,sec_frac_detected,sec_depth_cv,sec_depth_scatter_corr,host_scatter_ppm
5920839569767196672,3,1.0400000000000005,0.0017584658264555,natural_planet,0.4444444444444444,0.059195419165746,-0.0003521066212659,0.0006165377505547,0.2876549386808141,0.0004251146639129,3,1.0,0.1438522850276741,0.9963656588985484,700.3467330628083
962511658619139584,5,0.8000000000000003,0.0006596437917351,RESIDUAL,0.1153846153846153,0.2235861349341942,-0.000305600496816,0.1155291916976965,0.8740983664380058,0.1905376809112505,5,1.0,0.7424784805806988,0.9933416411480044,1102.8769476819639
1868370289135918080,6,1.1800000000000006,0.0013273938135495,eclipsing_binary,0.1764705882352941,0.2812479807799823,0.0005384834859828,0.025354534382236,0.977299981769186,0.0001945084397566,6,1.0,0.1702029276444525,0.2376972417728209,1980.3520827637315
2173928934175297920,8,8.340000000000007,0.0004472169012179,natural_planet,0.1666666666666666,0.1426919454994477,1.4454812637065828e-05,0.0725002671068322,,4.577088233426174e-06,2,0.25,0.0656890980394676,,355.78042107730965
3168125245131332608,12,2.220000000000001,0.0234417056823009,eclipsing_binary,0.3783783783783784,0.0249751496527849,0.0141122466059588,0.0032346852469185,0.8608426050680058,8.835390819827982e-05,11,0.9166666666666666,0.6266940899019786,0.9205076566742544,5000.155831544304
1397924585409290240,12,11.740000000000007,0.02693875396622,RESIDUAL,1.0,0.3215125419840736,0.0001104698374068,0.0015445205507462,1.563477662849581,0.0005108160574558,12,1.0,0.2479516931223736,0.3869853908784057,1738.567649984431
2947317750927588224,4,1.3800000000000008,0.0017625188025554,natural_planet,0.15625,0.1227372269088063,0.0001482905790828,0.319291068358297,1.282255387098148,0.1233411086469411,4,1.0,0.7685283064459281,0.6095235070982915,1502.5620492991163
2931013161723952640,2,2.0400000000000014,0.0011798161001803,natural_planet,0.1025641025641025,0.1402693892764357,-0.0005760977583324,0.0303039106620562,0.4026671972751213,0.4733898147984102,2,1.0,0.0726826025958265,,2130.1450825254356
2201904392635675008,10,5.440000000000005,0.0002392350879987,natural_planet,0.1290322580645161,0.0851255844622084,1.644121126997966e-05,0.0054171199403012,2.2290243331525548,0.0026918335290928,3,0.3,1.142901868769417,0.9961323453336236,825.8979729738636
3307057099171975040,8,1.2400000000000009,0.0011087749090709,natural_planet,0.2142857142857142,0.105320685832001,-0.0002136378016939,0.2250175994569277,1.5342365695359943,0.1552105073409126,7,0.875,1.130739184298725,0.9849802593065652,1453.2148324437314
1999241103734628608,8,0.7600000000000002,0.0002175315377985,natural_planet,0.1724137931034483,0.0336998573069686,2.874773474936809e-05,0.1719634064059197,3.4134240082288825,0.0057463147778286,4,0.5,0.4574226869055127,-0.168590445794312,758.8476596437545
1199758333425429120,7,12.92000000000001,0.001638158538326,RESIDUAL,0.3125,0.3714387158566028,2.1369816070038183e-06,0.0125676924025578,,0.0068016414160141,2,1.0,0.9351113904378632,,1146.2611385766008
2233850977856841216,17,4.400000000000004,0.0002622366051932,natural_planet,0.28125,0.0136796784506069,2.1689047129069827e-05,0.030462306523628,,2.107674781481883e-06,3,0.1764705882352941,0.1508628567323043,-0.1296396105831058,1183.6945992783683
3015216991987620096,5,2.0000000000000013,0.0003573761271664,eclipsing_binary,0.1,0.069403078475313,-0.0001179623989915,0.5919228561601115,1.9683615296354904,0.0588478677841256,4,0.8,0.9630380334982496,0.97784377732294,954.6349969357384
6780311973656466560,7,12.08000000000001,0.0005211418165669,natural_planet,0.2727272727272727,0.0819677728957142,-4.106273541326644e-05,0.0939360281385801,1.1370378494773676,0.001156636105969,3,0.4285714285714285,0.586521447865977,0.7169154013699998,1007.7225684956691
533122956040102400,7,12.44000000000001,0.0001702589639797,natural_planet,0.25,0.055066655240922,7.718646832355347e-06,0.052842319080579,3.003286527667993,6.550851036080108e-05,1,0.1428571428571428,,,222.9855327304151
3036740722378363648,3,3.2000000000000024,0.0011724308937256,natural_planet,0.1818181818181818,0.0081640843607594,-5.8718401233504025e-05,0.3151371699609043,3.1247217826913145,0.000535179550856,2,0.6666666666666666,0.4896939999505907,,903.3670094946747
2185849289485695360,16,3.0400000000000023,0.0003068207947465,RESIDUAL,0.1025641025641025,0.1841237783870585,-9.69922994078498e-05,0.036233173422465,7.261462893831498,0.0141443964265736,7,0.4375,0.8538208882255105,0.958765762861833,1086.6147422635972
1730409887965394304,2,11.46000000000001,0.0008771889482448,RESIDUAL,0.1904761904761904,0.028366339963765,0.0001210259763773,0.2716834915826954,2.125769430168623,0.0004101892506372,2,1.0,0.1364239017172042,,602.6183152889466
4622845924010862080,37,1.8600000000000008,0.0003357681827108,natural_planet,0.0625,0.029425462240006,-9.05775530515296e-05,0.3921665420254345,2.7632235394985982,0.0093010205493093,21,0.5675675675675675,1.509453146659445,0.8541763209434917,1370.438202074665
2186999481730413952,14,10.80000000000001,0.0002662687527494,natural_planet,0.1428571428571428,0.1420087822693677,9.049067350219708e-06,0.0450252809964702,6.460874597772935,0.0001342728670331,4,0.2857142857142857,0.9591731184713962,-0.0606503310460714,1139.1049219970246
1409630707752659712,9,12.44000000000001,0.0004101381513336,natural_planet,0.1538461538461538,0.0385172585891643,-3.68596606725724e-05,0.1457518261827761,,0.0002101163939088,2,0.3333333333333333,0.714959483261751,,960.6585254184638
4706213957941043072,14,6.280000000000005,0.001863991628886,natural_planet,0.25,0.1456235157524615,-0.0004747890578657,0.0780834669357055,1.8463037044097617,0.0001051782794846,10,0.7142857142857143,1.37922668997439,0.9883914713704984,1353.1322969705384
1645214027624984192,31,11.72000000000001,0.0001558621226283,natural_planet,0.12,0.0095815115046249,5.059126686468574e-07,0.0654152763709914,,3.942880222651546e-06,3,0.1034482758620689,0.4316893867164385,0.3442934189025035,1040.7133424445994
2116305144665376896,16,12.640000000000011,0.0001916926951943,natural_planet,0.1428571428571428,0.1280098527511085,-8.520981550796947e-06,0.1060569066531371,,0.0001114639566125,2,0.1428571428571428,0.911998572515463,,974.6846463393673
3027498777397111296,3,12.320000000000013,0.0022814407856586,RESIDUAL,0.4285714285714285,0.3352214990247341,-6.969855364746813e-06,0.2051837249818233,1.1606050365896614,0.0588834873695746,2,0.6666666666666666,0.1398345184908746,,2652.8755382078966
2214506135918084864,6,11.50000000000001,0.0003347424408954,natural_planet,0.1379310344827586,0.0114898856440291,1.1862356951608533e-05,0.0241144077017648,4.1410988989828255,4.714715313647311e-05,2,0.3333333333333333,0.1347825282003757,,381.3089054348498
5693844505167538048,4,12.34000000000001,0.0004184690338633,natural_planet,0.1111111111111111,0.0102488375460443,-2.1647372522082264e-05,0.072141633216213,0.928115787988286,7.678164854074687e-05,2,0.5,0.1250967460140972,,453.6803122399816
1619951717184551296,27,9.820000000000007,0.0001351183121431,natural_planet,0.1111111111111111,0.0246902645206435,-2.3860738069814147e-06,0.0993765993094262,5.725740883796896,4.146241358515823e-05,8,0.2962962962962963,1.0274134360887397,0.9634677917683946,814.6369682188192
2295774441937204864,58,3.3200000000000025,0.0001310201663633,natural_planet,0.1923076923076923,0.1124920473033528,1.3485974693971949e-05,0.0604260493505441,3.775219019599069,0.0005153697482668,16,0.2758620689655172,1.3220570273402532,0.9850438598249838,1034.9697958983218
4466839281459537280,6,5.280000000000005,0.0005069016917462,RESIDUAL,0.2142857142857142,0.0951286348747084,-1.4627021053703617e-05,0.0749940018463552,3.159136525324525,0.0018038406974301,2,0.3333333333333333,0.7644969860466272,,939.3706167880528
2073595405782092160,6,10.360000000000008,0.0003883319933287,natural_planet,0.1666666666666666,0.067935833787415,-3.028925042325437e-05,0.1262863450984321,3.149416387693201,0.0001088307295163,3,0.5,0.2762700262220703,-0.5936879694917261,467.2268894538574
4713212899207567360,7,12.880000000000011,0.0012814325377381,eclipsing_binary,0.1153846153846153,0.0238536811361411,-4.113334603705887e-05,0.6203727567035705,3.10477845721012,0.0046659144352955,2,0.6666666666666666,0.6716529011116268,,1104.3566824374393
3151266025323039488,8,12.880000000000011,0.0015585195652079,RESIDUAL,0.25,0.210065715458965,3.97317304963174e-05,0.0038412867010883,,0.0001360294091223,1,0.3333333333333333,,,1723.639282988615
1991103549456421504,5,12.66000000000001,0.0004608727855908,natural_planet,0.2142857142857142,0.1156173305847145,2.4441604105085446e-06,0.0913593180520871,1.400852475099587,9.530156319104144e-05,1,0.3333333333333333,,,341.8316937540013
865215599798724224,3,8.700000000000006,0.0007304343121601,natural_planet,0.2,0.0379273327962088,7.171741647538088e-05,0.2601417922061687,1.5718196861873217,0.0027674567081618,2,0.6666666666666666,0.437371448665416,,865.491611324983
1704859097458170496,57,4.860000000000004,9.74313986237263e-05,natural_planet,0.1515151515151515,0.0319331799985602,-1.250851079825921e-06,0.1810886861613477,6.90825443730826,0.0017693902422633,13,0.2280701754385964,0.6453344045096148,0.9405781033968744,945.5371128847831
2205564014009834880,8,11.12000000000001,0.0002911487577412,disintegrating_body,0.375,0.712327347911882,-1.939197714195817e-05,0.2632889144972379,2.9514055193691378,0.0010791288133671,3,0.375,0.2497063225636836,0.6467173544199344,234.12229875989357
1973871041158735104,3,12.880000000000011,0.0008790410554528,natural_planet,0.4285714285714285,0.1442651036203746,-1.3234595931166382e-05,0.2571640677703901,1.122281051165741,0.0011329245359015,1,0.5,,,246.52345158140508
3365325889687901568,5,12.640000000000011,0.0010975250592926,RESIDUAL,0.75,1.2648871348081143,-3.0758804173913745e-05,0.2012070482360313,,0.0004849722024375,2,0.5,0.0514330691520813,,413.61934722534505
4783467191097210752,9,5.980000000000005,0.0012241356782569,natural_planet,0.1627906976744186,0.059431253855498,-0.0005888142946377,0.2271865071095207,1.192533057016181,0.1431043354929766,7,0.7777777777777778,0.7629472162094052,0.8449447215405872,5180.282534568367
6004256909931771136,3,12.66000000000001,0.0021443524042924,RESIDUAL,0.3333333333333333,0.2945484086786316,0.000167219378192,0.145546844846635,1.7956353795448323,0.0004838983167467,2,1.0,0.1648016975748162,,1830.5857813572145
4309454362443032064,3,10.260000000000009,0.0013093237516326,RESIDUAL,0.2666666666666666,0.0246253340327091,4.178945299826431e-05,0.123981334589509,2.1545077801605985,0.0037239322668569,1,0.3333333333333333,,,1099.8008633286938
5615925139763813248,2,10.040000000000008,0.0119544830136824,RESIDUAL,0.2666666666666666,0.1729838663930394,7.164201576470575e-05,0.3172427018001634,0.5075834040316819,0.0877687274489295,2,1.0,0.4097085896497247,,2746.1084501153377
5345260664459863296,7,2.0800000000000014,0.0004968352279371,natural_planet,0.1470588235294117,0.0073424931991708,2.642529415508577e-05,0.1026920442218611,2.5964467704201533,0.0052830434429781,4,0.5714285714285714,1.3726016323066852,0.9996928678924422,1428.534838034268
5843122587538897920,5,4.180000000000003,0.0008440913253794,natural_planet,0.1875,0.0062609826053709,-2.1569595936687943e-05,0.0420748085976914,4.1940568044439,2.0506452814150755e-05,3,0.6,0.2513688470197903,0.9970138914804112,493.5542329031205
2170134691346551424,7,12.42000000000001,0.0002802588439455,natural_planet,0.1764705882352941,0.0721428784879035,1.4761586402123328e-05,0.2019059945859921,1.6779797893115098,0.0009352677012225,3,0.4285714285714285,0.1833220579984301,0.9860705624744024,692.187923544729
5684158185671293312,2,12.24000000000001,0.0068213395619222,eclipsing_binary,0.6666666666666666,0.5207724945775996,0.0001416489967516,0.96495820058959,,0.0635669039269752,1,1.0,,,2536.4230720844876
288861019085346816,9,11.20000000000001,0.0001832375488786,natural_planet,0.1666666666666666,0.0571878993447246,-1.563071377974623e-05,0.0548889819929419,5.461420761631801,0.0004977292659845,2,0.2857142857142857,0.7630589254075723,,761.8637926871791
2070269864129829888,8,11.56000000000001,0.0002023109328882,natural_planet,0.1,0.0491956063894138,8.403332895756677e-06,0.1129864686928623,,0.0001188925849139,1,0.125,,,878.2211633344251
2070269864129830400,8,11.56000000000001,0.0002023109328882,natural_planet,0.1,0.0491956063894138,8.403332895756677e-06,0.1129864686928623,,0.0001188925849139,1,0.125,,,878.2211633344251
1655673200703613312,48,12.86000000000001,0.0001214024109914,natural_planet,0.1764705882352941,0.1182062425487448,-3.703790909193039e-06,0.1354702734356556,517.7506085192596,9.385902891201336e-05,7,0.1521739130434782,0.7263379203575173,0.7817187302079305,814.9038929353101
4640883279120077568,11,12.74000000000001,0.0003595695163336,natural_planet,0.1153846153846153,0.0406691069441756,4.986329793810196e-05,0.1163128348841854,1.7969591863922385,0.0036114217561965,5,0.5555555555555556,0.6715219107975589,0.967019116632209,1329.1783607858558
